library	species	estimated_refgenome_ntlength	calculated_refgenome_ntlength	top100_contig_ntlength	x%_est	x%_calc	total_rawreads	mapped_rawreads	expected_mappedreads	percent_mapped	percent_notmapped
NoWGA_Aur-APnb_R_10	Aur	445000000	439162585	31156387	7.00143528	7.09449941	33003867	125823	2341459.01	5.37370073	94.6263
NoWGA_Aur-CRag_R_10	Aur	445000000	439162585	31156387	7.00143528	7.09449941	53662110	3736095	3807058	98.13601	1.86399
	Adu	445000000	739532255	7875728	1.76982652	1.06496072					
	Lle	524000000	489836182	13994913	2.67078492	2.85705987					
	Tbi	874000000	750464375	13617518	1.55806842	1.81454556					
